step,stage,loss_jepa,loss_masked,loss_context,loss_infonce,loss_tcc,uw_w_jepa,uw_w_infonce,uw_w_tcc,lr,grad_norm
0,stage0_head_only,0.507406,0.367888,0.279035,0.000000,0.000000,0.000000,0.000000,0.000000,3.57e-06,1.1833
1,stage0_head_only,0.507182,0.366402,0.281559,0.000000,0.000000,0.000000,0.000000,0.000000,5.36e-06,1.3182
2,stage0_head_only,0.506220,0.365204,0.282032,0.000000,0.000000,0.000000,0.000000,0.000000,7.14e-06,0.9896
3,stage0_head_only,0.503420,0.362331,0.282178,0.000000,0.000000,0.000000,0.000000,0.000000,8.93e-06,1.1544
4,stage0_head_only,0.505154,0.365531,0.279245,0.000000,0.000000,0.000000,0.000000,0.000000,1.07e-05,0.9095
5,stage0_head_only,0.507456,0.365501,0.283910,0.000000,0.000000,0.000000,0.000000,0.000000,1.25e-05,1.1198
6,stage0_head_only,0.507439,0.366393,0.282092,0.000000,0.000000,0.000000,0.000000,0.000000,1.43e-05,0.9237
7,stage0_head_only,0.503155,0.363846,0.278617,0.000000,0.000000,0.000000,0.000000,0.000000,1.61e-05,0.8892
8,stage0_head_only,0.506628,0.364642,0.283971,0.000000,0.000000,0.000000,0.000000,0.000000,1.79e-05,0.8443
9,stage0_head_only,0.504231,0.364092,0.280279,0.000000,0.000000,0.000000,0.000000,0.000000,1.96e-05,0.6440
10,stage0_head_only,0.500417,0.362627,0.275581,0.000000,0.000000,0.000000,0.000000,0.000000,2.14e-05,0.8645
11,stage0_head_only,0.506612,0.365828,0.281569,0.000000,0.000000,0.000000,0.000000,0.000000,2.32e-05,0.7124
12,stage0_head_only,0.498279,0.359869,0.276821,0.000000,0.000000,0.000000,0.000000,0.000000,2.50e-05,0.6938
13,stage0_head_only,0.498024,0.359523,0.277001,0.000000,0.000000,0.000000,0.000000,0.000000,2.68e-05,0.6775
14,stage0_head_only,0.503014,0.364084,0.277860,0.000000,0.000000,0.000000,0.000000,0.000000,2.86e-05,0.6271
15,stage0_head_only,0.497423,0.359255,0.276336,0.000000,0.000000,0.000000,0.000000,0.000000,3.04e-05,0.6942
16,stage0_head_only,0.502114,0.363537,0.277154,0.000000,0.000000,0.000000,0.000000,0.000000,3.21e-05,0.8214
17,stage0_head_only,0.505669,0.364130,0.283079,0.000000,0.000000,0.000000,0.000000,0.000000,3.39e-05,0.6097
18,stage0_head_only,0.487078,0.349464,0.275229,0.000000,0.000000,0.000000,0.000000,0.000000,3.57e-05,0.6426
19,stage0_head_only,0.496701,0.359387,0.274629,0.000000,0.000000,0.000000,0.000000,0.000000,3.75e-05,0.5843
20,stage0_head_only,0.490644,0.354456,0.272375,0.000000,0.000000,0.000000,0.000000,0.000000,3.93e-05,0.6676
21,stage0_head_only,0.491413,0.355067,0.272691,0.000000,0.000000,0.000000,0.000000,0.000000,4.11e-05,0.6187
22,stage0_head_only,0.489970,0.353345,0.273250,0.000000,0.000000,0.000000,0.000000,0.000000,4.29e-05,0.5413
23,stage0_head_only,0.495758,0.359700,0.272117,0.000000,0.000000,0.000000,0.000000,0.000000,4.46e-05,0.5612
24,stage0_head_only,0.492721,0.356348,0.272745,0.000000,0.000000,0.000000,0.000000,0.000000,4.64e-05,0.4832
25,stage0_head_only,0.492554,0.357072,0.270963,0.000000,0.000000,0.000000,0.000000,0.000000,4.82e-05,0.7218
26,stage0_head_only,0.486613,0.352875,0.267475,0.000000,0.000000,0.000000,0.000000,0.000000,5.00e-05,0.6495
27,stage0_head_only,0.493112,0.357847,0.270529,0.000000,0.000000,0.000000,0.000000,0.000000,5.00e-05,0.5210
28,stage1_layout,0.503123,0.365455,0.275335,0.000000,0.000000,0.000000,0.000000,0.000000,5.00e-05,0.4721
29,stage1_layout,0.501265,0.364252,0.274025,0.000000,0.000000,0.000000,0.000000,0.000000,5.00e-05,0.6443
30,stage1_layout,0.500304,0.362892,0.274824,0.000000,0.000000,0.000000,0.000000,0.000000,5.00e-05,0.5956
31,stage1_layout,0.506508,0.369494,0.274027,0.000000,0.000000,0.000000,0.000000,0.000000,5.00e-05,0.4218
32,stage1_layout,0.488478,0.354011,0.268934,0.000000,0.000000,0.000000,0.000000,0.000000,5.00e-05,0.5109
33,stage1_layout,0.500669,0.364004,0.273330,0.000000,0.000000,0.000000,0.000000,0.000000,5.00e-05,0.4356
34,stage1_layout,0.488450,0.354699,0.267501,0.000000,0.000000,0.000000,0.000000,0.000000,5.00e-05,0.5821
35,stage1_layout,0.498732,0.362608,0.272248,0.000000,0.000000,0.000000,0.000000,0.000000,5.00e-05,0.5342
36,stage1_layout,0.489032,0.355397,0.267271,0.000000,0.000000,0.000000,0.000000,0.000000,5.00e-05,0.5402
37,stage1_layout,0.499067,0.364155,0.269824,0.000000,0.000000,0.000000,0.000000,0.000000,5.00e-05,0.5949
38,stage1_layout,0.492763,0.358750,0.268026,0.000000,0.000000,0.000000,0.000000,0.000000,5.00e-05,0.4815
39,stage1_layout,0.489668,0.356258,0.266821,0.000000,0.000000,0.000000,0.000000,0.000000,5.00e-05,0.4937
40,stage1_layout,0.477162,0.346814,0.260695,0.000000,0.000000,0.000000,0.000000,0.000000,5.00e-05,0.4419
41,stage1_layout,0.484556,0.351947,0.265218,0.000000,0.000000,0.000000,0.000000,0.000000,5.00e-05,0.4263
42,stage1_layout,0.491547,0.357531,0.268032,0.000000,0.000000,0.000000,0.000000,0.000000,5.00e-05,0.4923
43,stage1_layout,0.489806,0.356989,0.265635,0.000000,0.000000,0.000000,0.000000,0.000000,5.00e-05,0.4170
44,stage1_layout,0.484222,0.353309,0.261827,0.000000,0.000000,0.000000,0.000000,0.000000,5.00e-05,0.4399
45,stage1_layout,0.482999,0.351733,0.262531,0.000000,0.000000,0.000000,0.000000,0.000000,5.00e-05,0.6096
46,stage1_layout,0.487053,0.354681,0.264744,0.000000,0.000000,0.000000,0.000000,0.000000,5.00e-05,0.5158
47,stage1_layout,0.482208,0.351011,0.262394,0.000000,0.000000,0.000000,0.000000,0.000000,5.00e-05,0.4589
48,stage1_layout,0.495416,0.361577,0.267678,0.000000,0.000000,0.000000,0.000000,0.000000,5.00e-05,0.3833
49,stage1_layout,0.497847,0.363678,0.268338,0.000000,0.000000,0.000000,0.000000,0.000000,5.00e-05,0.4778
50,stage1_layout,0.477842,0.347344,0.260996,0.000000,0.000000,0.000000,0.000000,0.000000,5.00e-05,0.4873
51,stage1_layout,0.484421,0.353338,0.262168,0.000000,0.000000,0.000000,0.000000,0.000000,5.00e-05,0.4414
52,stage1_layout,0.482087,0.350778,0.262619,0.000000,0.000000,0.000000,0.000000,0.000000,5.00e-05,0.5149
53,stage1_layout,0.481749,0.350532,0.262433,0.000000,0.000000,0.000000,0.000000,0.000000,5.00e-05,0.5304
54,stage1_layout,0.490198,0.357507,0.265381,0.000000,0.000000,0.000000,0.000000,0.000000,5.00e-05,0.4258
55,stage1_layout,0.486653,0.355412,0.262482,0.000000,0.000000,0.000000,0.000000,0.000000,5.00e-05,0.5332
56,stage1_layout,0.483852,0.353400,0.260903,0.000000,0.000000,0.000000,0.000000,0.000000,5.00e-05,0.3589
57,stage1_layout,0.478252,0.348130,0.260243,0.000000,0.000000,0.000000,0.000000,0.000000,5.00e-05,0.4014
58,stage1_layout,0.477597,0.346994,0.261207,0.000000,0.000000,0.000000,0.000000,0.000000,5.00e-05,0.4096
59,stage1_layout,0.488247,0.356422,0.263650,0.000000,0.000000,0.000000,0.000000,0.000000,5.00e-05,0.5828
60,stage1_layout,0.482195,0.351160,0.262069,0.000000,0.000000,0.000000,0.000000,0.000000,5.00e-05,0.3208
61,stage1_layout,0.490274,0.357263,0.266022,0.000000,0.000000,0.000000,0.000000,0.000000,5.00e-05,0.3832
62,stage1_layout,0.477902,0.348324,0.259156,0.000000,0.000000,0.000000,0.000000,0.000000,5.00e-05,0.3261
63,stage1_layout,0.487701,0.357249,0.260905,0.000000,0.000000,0.000000,0.000000,0.000000,5.00e-05,0.3686
64,stage1_layout,0.476543,0.346667,0.259752,0.000000,0.000000,0.000000,0.000000,0.000000,5.00e-05,0.3871
65,stage1_layout,0.493620,0.361131,0.264977,0.000000,0.000000,0.000000,0.000000,0.000000,5.00e-05,0.5102
66,stage1_layout,0.476740,0.347741,0.257999,0.000000,0.000000,0.000000,0.000000,0.000000,5.00e-05,0.3623
67,stage1_layout,0.489328,0.358331,0.261993,0.000000,0.000000,0.000000,0.000000,0.000000,5.00e-05,0.3669
68,stage1_layout,0.487762,0.355740,0.264046,0.000000,0.000000,0.000000,0.000000,0.000000,5.00e-05,0.2960
69,stage1_layout,0.487707,0.356587,0.262241,0.000000,0.000000,0.000000,0.000000,0.000000,5.00e-05,0.3377
70,stage1_layout,0.475637,0.346971,0.257332,0.000000,0.000000,0.000000,0.000000,0.000000,5.00e-05,0.4619
71,stage1_layout,0.472986,0.344117,0.257737,0.000000,0.000000,0.000000,0.000000,0.000000,5.00e-05,0.3395
72,stage1_layout,0.477773,0.348108,0.259329,0.000000,0.000000,0.000000,0.000000,0.000000,5.00e-05,0.3208
73,stage1_layout,0.481548,0.352196,0.258705,0.000000,0.000000,0.000000,0.000000,0.000000,5.00e-05,0.3263
74,stage1_layout,0.492950,0.360743,0.264414,0.000000,0.000000,0.000000,0.000000,0.000000,5.00e-05,0.3506
75,stage1_layout,0.479206,0.350697,0.257018,0.000000,0.000000,0.000000,0.000000,0.000000,5.00e-05,0.2442
76,stage1_layout,0.481296,0.352614,0.257365,0.000000,0.000000,0.000000,0.000000,0.000000,5.00e-05,0.4082
77,stage1_layout,0.487725,0.357358,0.260735,0.000000,0.000000,0.000000,0.000000,0.000000,5.00e-05,0.3751
78,stage1_layout,0.488649,0.357355,0.262588,0.000000,0.000000,0.000000,0.000000,0.000000,5.00e-05,0.3950
79,stage1_layout,0.493057,0.361167,0.263779,0.000000,0.000000,0.000000,0.000000,0.000000,5.00e-05,0.3145
80,stage1_layout,0.479607,0.350715,0.257785,0.000000,0.000000,0.000000,0.000000,0.000000,5.00e-05,0.3655
81,stage1_layout,0.484584,0.352387,0.264393,0.000000,0.000000,0.000000,0.000000,0.000000,5.00e-05,0.3112
82,stage1_layout,0.482520,0.352744,0.259553,0.000000,0.000000,0.000000,0.000000,0.000000,5.00e-05,0.3717
83,stage1_layout,0.471304,0.343351,0.255906,0.000000,0.000000,0.000000,0.000000,0.000000,5.00e-05,0.3047
84,stage1_layout,0.475849,0.347310,0.257077,0.000000,0.000000,0.000000,0.000000,0.000000,5.00e-05,0.4214
85,stage1_layout,0.481302,0.352026,0.258551,0.000000,0.000000,0.000000,0.000000,0.000000,5.00e-05,0.3744
86,stage1_layout,0.486821,0.356066,0.261511,0.000000,0.000000,0.000000,0.000000,0.000000,5.00e-05,0.3415
87,stage1_layout,0.477002,0.347466,0.259072,0.000000,0.000000,0.000000,0.000000,0.000000,5.00e-05,0.3933
88,stage1_layout,0.475695,0.347579,0.256233,0.000000,0.000000,0.000000,0.000000,0.000000,5.00e-05,0.2974
89,stage1_layout,0.481348,0.351563,0.259569,0.000000,0.000000,0.000000,0.000000,0.000000,5.00e-05,0.3295
90,stage1_layout,0.485077,0.353331,0.263493,0.000000,0.000000,0.000000,0.000000,0.000000,5.00e-05,0.4641
91,stage1_layout,0.471421,0.344546,0.253748,0.000000,0.000000,0.000000,0.000000,0.000000,5.00e-05,0.3737
92,stage1_layout,0.476270,0.348747,0.255047,0.000000,0.000000,0.000000,0.000000,0.000000,5.00e-05,0.4502
93,stage1_layout,0.476810,0.348432,0.256755,0.000000,0.000000,0.000000,0.000000,0.000000,5.00e-05,0.3245
94,stage1_layout,0.488447,0.357570,0.261754,0.000000,0.000000,0.000000,0.000000,0.000000,5.00e-05,0.2757
95,stage1_layout,0.480869,0.352133,0.257472,0.000000,0.000000,0.000000,0.000000,0.000000,5.00e-05,0.3541
96,stage1_layout,0.477407,0.349376,0.256061,0.000000,0.000000,0.000000,0.000000,0.000000,5.00e-05,0.3220
97,stage1_layout,0.471869,0.345591,0.252557,0.000000,0.000000,0.000000,0.000000,0.000000,5.00e-05,0.3367
98,stage1_layout,0.476662,0.349317,0.254691,0.000000,0.000000,0.000000,0.000000,0.000000,5.00e-05,0.2972
99,stage1_layout,0.477160,0.349963,0.254395,0.000000,0.000000,0.000000,0.000000,0.000000,5.00e-05,0.3883
100,stage1_layout,0.478555,0.349632,0.257845,0.000000,0.000000,0.000000,0.000000,0.000000,5.00e-05,0.3239
101,stage1_layout,0.465981,0.340506,0.250949,0.000000,0.000000,0.000000,0.000000,0.000000,5.00e-05,0.3713
102,stage1_layout,0.477609,0.348051,0.259117,0.000000,0.000000,0.000000,0.000000,0.000000,5.00e-05,0.4434
103,stage1_layout,0.488783,0.358279,0.261008,0.000000,0.000000,0.000000,0.000000,0.000000,5.00e-05,0.3235
104,stage1_layout,0.488433,0.358115,0.260637,0.000000,0.000000,0.000000,0.000000,0.000000,5.00e-05,0.4752
105,stage1_layout,0.477221,0.350331,0.253781,0.000000,0.000000,0.000000,0.000000,0.000000,5.00e-05,0.2476
106,stage1_layout,0.485364,0.355053,0.260622,0.000000,0.000000,0.000000,0.000000,0.000000,5.00e-05,0.3577
107,stage1_layout,0.485459,0.355438,0.260044,0.000000,0.000000,0.000000,0.000000,0.000000,5.00e-05,0.3773
108,stage1_layout,0.475493,0.347522,0.255942,0.000000,0.000000,0.000000,0.000000,0.000000,5.00e-05,0.3788
109,stage1_layout,0.485043,0.355407,0.259272,0.000000,0.000000,0.000000,0.000000,0.000000,5.00e-05,0.4490
110,stage1_layout,0.479572,0.351811,0.255520,0.000000,0.000000,0.000000,0.000000,0.000000,5.00e-05,0.4502
111,stage1_layout,0.470544,0.343684,0.253720,0.000000,0.000000,0.000000,0.000000,0.000000,5.00e-05,0.3448
112,stage1_layout,0.475436,0.347810,0.255254,0.000000,0.000000,0.000000,0.000000,0.000000,5.00e-05,0.4081
113,stage1_layout,0.477707,0.350498,0.254419,0.000000,0.000000,0.000000,0.000000,0.000000,5.00e-05,0.3703
114,stage1_layout,0.470887,0.343771,0.254231,0.000000,0.000000,0.000000,0.000000,0.000000,5.00e-05,0.4926
115,stage1_layout,0.484420,0.354814,0.259212,0.000000,0.000000,0.000000,0.000000,0.000000,5.00e-05,0.2649
116,stage1_layout,0.483391,0.354716,0.257348,0.000000,0.000000,0.000000,0.000000,0.000000,5.00e-05,0.3066
117,stage1_layout,0.473591,0.347190,0.252802,0.000000,0.000000,0.000000,0.000000,0.000000,5.00e-05,0.4674
118,stage1_layout,0.481286,0.352191,0.258188,0.000000,0.000000,0.000000,0.000000,0.000000,5.00e-05,0.2937
119,stage1_layout,0.481047,0.352261,0.257571,0.000000,0.000000,0.000000,0.000000,0.000000,5.00e-05,0.2921
120,stage1_layout,0.484333,0.354418,0.259831,0.000000,0.000000,0.000000,0.000000,0.000000,5.00e-05,0.3366
121,stage1_layout,0.474128,0.347958,0.252340,0.000000,0.000000,0.000000,0.000000,0.000000,5.00e-05,0.3298
122,stage1_layout,0.472902,0.346579,0.252645,0.000000,0.000000,0.000000,0.000000,0.000000,5.00e-05,0.3207
123,stage1_layout,0.483786,0.355411,0.256751,0.000000,0.000000,0.000000,0.000000,0.000000,5.00e-05,0.3416
124,stage1_layout,0.489060,0.359136,0.259850,0.000000,0.000000,0.000000,0.000000,0.000000,5.00e-05,0.3540
125,stage1_layout,0.468057,0.342723,0.250670,0.000000,0.000000,0.000000,0.000000,0.000000,5.00e-05,0.2810
126,stage1_layout,0.481306,0.352744,0.257124,0.000000,0.000000,0.000000,0.000000,0.000000,5.00e-05,0.4164
127,stage1_layout,0.477947,0.349096,0.257702,0.000000,0.000000,0.000000,0.000000,0.000000,5.00e-05,0.3013
128,stage1_layout,0.481631,0.354509,0.254245,0.000000,0.000000,0.000000,0.000000,0.000000,5.00e-05,0.3073
129,stage1_layout,0.480689,0.352654,0.256068,0.000000,0.000000,0.000000,0.000000,0.000000,5.00e-05,0.4233
130,stage1_layout,0.485090,0.354217,0.261748,0.000000,0.000000,0.000000,0.000000,0.000000,5.00e-05,0.3613
131,stage1_layout,0.465815,0.339428,0.252775,0.000000,0.000000,0.000000,0.000000,0.000000,5.00e-05,0.2870
132,stage1_layout,0.474603,0.348636,0.251933,0.000000,0.000000,0.000000,0.000000,0.000000,5.00e-05,0.2922
133,stage1_layout,0.492416,0.362301,0.260228,0.000000,0.000000,0.000000,0.000000,0.000000,5.00e-05,0.3304
134,stage1_layout,0.484585,0.356348,0.256473,0.000000,0.000000,0.000000,0.000000,0.000000,5.00e-05,0.5360
135,stage1_layout,0.490217,0.359809,0.260818,0.000000,0.000000,0.000000,0.000000,0.000000,5.00e-05,0.3418
136,stage1_layout,0.477429,0.350902,0.253053,0.000000,0.000000,0.000000,0.000000,0.000000,5.00e-05,0.3156
137,stage1_layout,0.473829,0.348479,0.250700,0.000000,0.000000,0.000000,0.000000,0.000000,5.00e-05,0.2692
138,stage1_layout,0.477959,0.350882,0.254155,0.000000,0.000000,0.000000,0.000000,0.000000,5.00e-05,0.3400
139,stage1_layout,0.467084,0.341181,0.251807,0.000000,0.000000,0.000000,0.000000,0.000000,5.00e-05,0.4835
140,stage1_layout,0.468394,0.342169,0.252448,0.000000,0.000000,0.000000,0.000000,0.000000,5.00e-05,0.2893
141,stage1_layout,0.493784,0.362725,0.262117,0.000000,0.000000,0.000000,0.000000,0.000000,5.00e-05,0.3577
142,stage2_agent,0.468089,0.340596,0.254986,0.000000,0.000000,0.000000,0.000000,0.000000,5.00e-05,0.9257
143,stage2_agent,0.475941,0.346644,0.258593,0.000000,0.000000,0.000000,0.000000,0.000000,5.00e-05,0.6369
144,stage2_agent,0.466108,0.338045,0.256127,0.000000,0.000000,0.000000,0.000000,0.000000,5.00e-05,0.4861
145,stage2_agent,0.469944,0.342084,0.255721,0.000000,0.000000,0.000000,0.000000,0.000000,5.00e-05,0.4925
146,stage2_agent,0.462479,0.337127,0.250704,0.000000,0.000000,0.000000,0.000000,0.000000,5.00e-05,0.6545
147,stage2_agent,0.468877,0.341642,0.254469,0.000000,0.000000,0.000000,0.000000,0.000000,5.00e-05,0.3608
148,stage2_agent,0.475155,0.346710,0.256890,0.000000,0.000000,0.000000,0.000000,0.000000,5.00e-05,0.3689
149,stage2_agent,0.472790,0.344426,0.256728,0.000000,0.000000,0.000000,0.000000,0.000000,5.00e-05,0.4823
150,stage2_agent,0.462799,0.337473,0.250651,0.000000,0.000000,0.000000,0.000000,0.000000,5.00e-05,0.5035
151,stage2_agent,0.460329,0.335320,0.250017,0.000000,0.000000,0.000000,0.000000,0.000000,5.00e-05,0.4256
152,stage2_agent,0.471840,0.345009,0.253663,0.000000,0.000000,0.000000,0.000000,0.000000,5.00e-05,0.3444
153,stage2_agent,0.462079,0.336762,0.250634,0.000000,0.000000,0.000000,0.000000,0.000000,5.00e-05,0.3149
154,stage2_agent,0.475540,0.347473,0.256135,0.000000,0.000000,0.000000,0.000000,0.000000,5.00e-05,0.4371
155,stage2_agent,0.477969,0.349650,0.256638,0.000000,0.000000,0.000000,0.000000,0.000000,5.00e-05,0.3876
156,stage2_agent,0.469168,0.343225,0.251886,0.000000,0.000000,0.000000,0.000000,0.000000,5.00e-05,0.4100
157,stage2_agent,0.472307,0.345804,0.253004,0.000000,0.000000,0.000000,0.000000,0.000000,5.00e-05,0.4225
158,stage2_agent,0.468179,0.342563,0.251232,0.000000,0.000000,0.000000,0.000000,0.000000,5.00e-05,0.3410
159,stage2_agent,0.473082,0.345463,0.255236,0.000000,0.000000,0.000000,0.000000,0.000000,5.00e-05,0.4792
160,stage2_agent,0.465496,0.340792,0.249408,0.000000,0.000000,0.000000,0.000000,0.000000,5.00e-05,0.3679
161,stage2_agent,0.465241,0.340101,0.250280,0.000000,0.000000,0.000000,0.000000,0.000000,5.00e-05,0.4205
162,stage2_agent,0.461601,0.336359,0.250485,0.000000,0.000000,0.000000,0.000000,0.000000,5.00e-05,0.4013
163,stage2_agent,0.465841,0.339330,0.253022,0.000000,0.000000,0.000000,0.000000,0.000000,5.00e-05,0.3820
164,stage2_agent,0.460965,0.337846,0.246238,0.000000,0.000000,0.000000,0.000000,0.000000,5.00e-05,0.3208
165,stage2_agent,0.471039,0.344543,0.252992,0.000000,0.000000,0.000000,0.000000,0.000000,5.00e-05,0.4234
166,stage2_agent,0.460038,0.336210,0.247655,0.000000,0.000000,0.000000,0.000000,0.000000,5.00e-05,0.3848
167,stage2_agent,0.475688,0.347624,0.256128,0.000000,0.000000,0.000000,0.000000,0.000000,5.00e-05,0.3957
168,stage2_agent,0.469744,0.342658,0.254172,0.000000,0.000000,0.000000,0.000000,0.000000,5.00e-05,0.4886
169,stage2_agent,0.456332,0.333457,0.245751,0.000000,0.000000,0.000000,0.000000,0.000000,5.00e-05,0.3259
170,stage2_agent,0.465041,0.339952,0.250178,0.000000,0.000000,0.000000,0.000000,0.000000,5.00e-05,0.3772
171,stage2_agent,0.478547,0.349343,0.258408,0.000000,0.000000,0.000000,0.000000,0.000000,5.00e-05,0.4243
172,stage2_agent,0.464764,0.338660,0.252208,0.000000,0.000000,0.000000,0.000000,0.000000,5.00e-05,0.4354
173,stage2_agent,0.459892,0.335849,0.248087,0.000000,0.000000,0.000000,0.000000,0.000000,5.00e-05,0.4440
174,stage2_agent,0.474898,0.347380,0.255036,0.000000,0.000000,0.000000,0.000000,0.000000,5.00e-05,0.4624
175,stage2_agent,0.463801,0.339352,0.248899,0.000000,0.000000,0.000000,0.000000,0.000000,5.00e-05,0.4558
176,stage2_agent,0.467201,0.341899,0.250605,0.000000,0.000000,0.000000,0.000000,0.000000,5.00e-05,0.3627
177,stage2_agent,0.460556,0.337011,0.247090,0.000000,0.000000,0.000000,0.000000,0.000000,5.00e-05,0.4034
178,stage2_agent,0.473853,0.346853,0.254000,0.000000,0.000000,0.000000,0.000000,0.000000,5.00e-05,0.6533
179,stage2_agent,0.477971,0.350902,0.254138,0.000000,0.000000,0.000000,0.000000,0.000000,5.00e-05,0.5054
180,stage2_agent,0.457611,0.333597,0.248028,0.000000,0.000000,0.000000,0.000000,0.000000,5.00e-05,0.3538
181,stage2_agent,0.460024,0.336295,0.247458,0.000000,0.000000,0.000000,0.000000,0.000000,5.00e-05,0.3895
182,stage2_agent,0.469593,0.343284,0.252617,0.000000,0.000000,0.000000,0.000000,0.000000,5.00e-05,0.3999
183,stage2_agent,0.458501,0.336317,0.244367,0.000000,0.000000,0.000000,0.000000,0.000000,5.00e-05,0.5098
184,stage2_agent,0.461022,0.337346,0.247351,0.000000,0.000000,0.000000,0.000000,0.000000,5.00e-05,0.5142
185,stage2_agent,0.456293,0.332270,0.248046,0.000000,0.000000,0.000000,0.000000,0.000000,5.00e-05,0.4473
186,stage2_agent,0.468675,0.343862,0.249627,0.000000,0.000000,0.000000,0.000000,0.000000,5.00e-05,0.3322
187,stage2_agent,0.468923,0.343953,0.249940,0.000000,0.000000,0.000000,0.000000,0.000000,5.00e-05,0.2959
188,stage2_agent,0.464483,0.339867,0.249233,0.000000,0.000000,0.000000,0.000000,0.000000,5.00e-05,0.3033
189,stage2_agent,0.470526,0.343510,0.254032,0.000000,0.000000,0.000000,0.000000,0.000000,5.00e-05,0.3036
190,stage2_agent,0.464387,0.338117,0.252539,0.000000,0.000000,0.000000,0.000000,0.000000,5.00e-05,0.5243
191,stage2_agent,0.466376,0.340842,0.251068,0.000000,0.000000,0.000000,0.000000,0.000000,5.00e-05,0.4025
192,stage2_agent,0.461029,0.337284,0.247491,0.000000,0.000000,0.000000,0.000000,0.000000,5.00e-05,0.3294
193,stage2_agent,0.466007,0.340556,0.250901,0.000000,0.000000,0.000000,0.000000,0.000000,5.00e-05,0.4697
194,stage2_agent,0.457037,0.333816,0.246442,0.000000,0.000000,0.000000,0.000000,0.000000,5.00e-05,0.3287
195,stage2_agent,0.463224,0.338739,0.248971,0.000000,0.000000,0.000000,0.000000,0.000000,5.00e-05,0.4375
196,stage2_agent,0.457940,0.334538,0.246805,0.000000,0.000000,0.000000,0.000000,0.000000,5.00e-05,0.3523
197,stage2_agent,0.465835,0.341518,0.248634,0.000000,0.000000,0.000000,0.000000,0.000000,5.00e-05,0.2776
198,stage2_agent,0.455965,0.331427,0.249077,0.000000,0.000000,0.000000,0.000000,0.000000,5.00e-05,0.4233
199,stage2_agent,0.458004,0.335199,0.245610,0.000000,0.000000,0.000000,0.000000,0.000000,5.00e-05,0.4078
200,stage2_agent,0.467544,0.341893,0.251302,0.000000,0.000000,0.000000,0.000000,0.000000,5.00e-05,0.4035
201,stage2_agent,0.475563,0.346593,0.257940,0.000000,0.000000,0.000000,0.000000,0.000000,5.00e-05,0.2615
202,stage2_agent,0.460227,0.336998,0.246459,0.000000,0.000000,0.000000,0.000000,0.000000,5.00e-05,0.3574
203,stage2_agent,0.470207,0.343744,0.252927,0.000000,0.000000,0.000000,0.000000,0.000000,5.00e-05,0.3457
204,stage2_agent,0.462293,0.337592,0.249403,0.000000,0.000000,0.000000,0.000000,0.000000,5.00e-05,0.4058
205,stage2_agent,0.468951,0.341789,0.254323,0.000000,0.000000,0.000000,0.000000,0.000000,5.00e-05,0.3132
206,stage2_agent,0.466073,0.340408,0.251330,0.000000,0.000000,0.000000,0.000000,0.000000,5.00e-05,0.4573
207,stage2_agent,0.465745,0.340970,0.249549,0.000000,0.000000,0.000000,0.000000,0.000000,5.00e-05,0.3693
208,stage2_agent,0.466341,0.341538,0.249606,0.000000,0.000000,0.000000,0.000000,0.000000,5.00e-05,0.3908
209,stage2_agent,0.464548,0.340213,0.248670,0.000000,0.000000,0.000000,0.000000,0.000000,5.00e-05,0.3751
210,stage2_agent,0.474281,0.346516,0.255530,0.000000,0.000000,0.000000,0.000000,0.000000,5.00e-05,0.3440
211,stage2_agent,0.465068,0.341552,0.247033,0.000000,0.000000,0.000000,0.000000,0.000000,5.00e-05,0.3415
212,stage2_agent,0.470224,0.344686,0.251076,0.000000,0.000000,0.000000,0.000000,0.000000,5.00e-05,0.3830
213,stage2_agent,0.462829,0.340403,0.244852,0.000000,0.000000,0.000000,0.000000,0.000000,5.00e-05,0.4798
214,stage2_agent,0.468116,0.342504,0.251224,0.000000,0.000000,0.000000,0.000000,0.000000,5.00e-05,0.5384
215,stage2_agent,0.465781,0.341131,0.249300,0.000000,0.000000,0.000000,0.000000,0.000000,5.00e-05,0.3902
216,stage2_agent,0.463817,0.339406,0.248823,0.000000,0.000000,0.000000,0.000000,0.000000,5.00e-05,0.3464
217,stage2_agent,0.472074,0.346707,0.250735,0.000000,0.000000,0.000000,0.000000,0.000000,5.00e-05,0.4597
218,stage2_agent,0.460020,0.336777,0.246486,0.000000,0.000000,0.000000,0.000000,0.000000,5.00e-05,0.6430
219,stage2_agent,0.461943,0.337507,0.248872,0.000000,0.000000,0.000000,0.000000,0.000000,5.00e-05,0.3482
220,stage2_agent,0.465337,0.340315,0.250044,0.000000,0.000000,0.000000,0.000000,0.000000,5.00e-05,0.4283
221,stage2_agent,0.455247,0.333067,0.244362,0.000000,0.000000,0.000000,0.000000,0.000000,5.00e-05,0.6211
222,stage2_agent,0.464806,0.339620,0.250374,0.000000,0.000000,0.000000,0.000000,0.000000,5.00e-05,0.4215
223,stage2_agent,0.478433,0.350870,0.255125,0.000000,0.000000,0.000000,0.000000,0.000000,5.00e-05,0.3020
224,stage2_agent,0.453845,0.331661,0.244370,0.000000,0.000000,0.000000,0.000000,0.000000,5.00e-05,0.2983
225,stage2_agent,0.461903,0.337084,0.249638,0.000000,0.000000,0.000000,0.000000,0.000000,5.00e-05,0.2919
226,stage2_agent,0.464937,0.341686,0.246501,0.000000,0.000000,0.000000,0.000000,0.000000,5.00e-05,0.3604
227,stage3_interaction,0.465259,0.339825,0.250869,0.000000,0.000000,0.000000,0.000000,0.000000,5.00e-05,0.7064
228,stage3_interaction,0.473551,0.344130,0.258844,0.000000,0.000000,0.000000,0.000000,0.000000,5.00e-05,0.5423
229,stage3_interaction,0.480338,0.351082,0.258511,0.000000,0.000000,0.000000,0.000000,0.000000,5.00e-05,0.3674
230,stage3_interaction,0.479881,0.349788,0.260187,0.000000,0.000000,0.000000,0.000000,0.000000,5.00e-05,0.5592
231,stage3_interaction,0.460669,0.334797,0.251744,0.000000,0.000000,0.000000,0.000000,0.000000,5.00e-05,0.5190
232,stage3_interaction,0.481771,0.352208,0.259127,0.000000,0.000000,0.000000,0.000000,0.000000,5.00e-05,0.3649
233,stage3_interaction,0.458975,0.333272,0.251406,0.000000,0.000000,0.000000,0.000000,0.000000,5.00e-05,0.3815
234,stage3_interaction,0.447809,0.323989,0.247640,0.000000,0.000000,0.000000,0.000000,0.000000,5.00e-05,0.3407
235,stage3_interaction,0.471819,0.343172,0.257295,0.000000,0.000000,0.000000,0.000000,0.000000,5.00e-05,0.4207
236,stage3_interaction,0.476800,0.347665,0.258269,0.000000,0.000000,0.000000,0.000000,0.000000,5.00e-05,0.4184
237,stage3_interaction,0.456429,0.332657,0.247545,0.000000,0.000000,0.000000,0.000000,0.000000,5.00e-05,0.3114
238,stage3_interaction,0.467782,0.341988,0.251587,0.000000,0.000000,0.000000,0.000000,0.000000,5.00e-05,0.4193
239,stage3_interaction,0.471742,0.342505,0.258474,0.000000,0.000000,0.000000,0.000000,0.000000,5.00e-05,0.4138
240,stage3_interaction,0.458919,0.333422,0.250995,0.000000,0.000000,0.000000,0.000000,0.000000,5.00e-05,0.3483
241,stage3_interaction,0.475961,0.346496,0.258931,0.000000,0.000000,0.000000,0.000000,0.000000,5.00e-05,0.3871
242,stage3_interaction,0.456105,0.331597,0.249016,0.000000,0.000000,0.000000,0.000000,0.000000,5.00e-05,0.3654
243,stage3_interaction,0.473994,0.345678,0.256631,0.000000,0.000000,0.000000,0.000000,0.000000,5.00e-05,0.3696
244,stage3_interaction,0.471490,0.343970,0.255040,0.000000,0.000000,0.000000,0.000000,0.000000,5.00e-05,0.3725
245,stage3_interaction,0.473649,0.344934,0.257429,0.000000,0.000000,0.000000,0.000000,0.000000,5.00e-05,0.4044
246,stage3_interaction,0.478766,0.350940,0.255652,0.000000,0.000000,0.000000,0.000000,0.000000,5.00e-05,0.3480
247,stage3_interaction,0.469582,0.341610,0.255945,0.000000,0.000000,0.000000,0.000000,0.000000,5.00e-05,0.4327
248,stage3_interaction,0.467877,0.340770,0.254215,0.000000,0.000000,0.000000,0.000000,0.000000,5.00e-05,0.2894
249,stage3_interaction,0.467417,0.340374,0.254085,0.000000,0.000000,0.000000,0.000000,0.000000,5.00e-05,0.3772
250,stage3_interaction,0.466414,0.338955,0.254918,0.000000,0.000000,0.000000,0.000000,0.000000,5.00e-05,0.4948
251,stage3_interaction,0.459503,0.335309,0.248386,0.000000,0.000000,0.000000,0.000000,0.000000,5.00e-05,0.3825
252,stage3_interaction,0.471079,0.343157,0.255843,0.000000,0.000000,0.000000,0.000000,0.000000,5.00e-05,0.4008
253,stage3_interaction,0.477045,0.347443,0.259203,0.000000,0.000000,0.000000,0.000000,0.000000,5.00e-05,0.4233
254,stage3_interaction,0.458308,0.334614,0.247389,0.000000,0.000000,0.000000,0.000000,0.000000,5.00e-05,0.2859
255,stage3_interaction,0.457651,0.333606,0.248091,0.000000,0.000000,0.000000,0.000000,0.000000,5.00e-05,0.3267
256,stage3_interaction,0.458681,0.331978,0.253405,0.000000,0.000000,0.000000,0.000000,0.000000,5.00e-05,0.4809
257,stage3_interaction,0.469346,0.344358,0.249975,0.000000,0.000000,0.000000,0.000000,0.000000,5.00e-05,0.4042
258,stage3_interaction,0.447994,0.325380,0.245228,0.000000,0.000000,0.000000,0.000000,0.000000,5.00e-05,0.4532
259,stage3_interaction,0.463126,0.335955,0.254341,0.000000,0.000000,0.000000,0.000000,0.000000,5.00e-05,0.4027
260,stage3_interaction,0.456717,0.333688,0.246058,0.000000,0.000000,0.000000,0.000000,0.000000,5.00e-05,0.3426
261,stage3_interaction,0.455239,0.330551,0.249376,0.000000,0.000000,0.000000,0.000000,0.000000,5.00e-05,0.3651
262,stage3_interaction,0.451693,0.328176,0.247034,0.000000,0.000000,0.000000,0.000000,0.000000,5.00e-05,0.3804
263,stage3_interaction,0.461831,0.334854,0.253953,0.000000,0.000000,0.000000,0.000000,0.000000,5.00e-05,0.3842
264,stage3_interaction,0.476237,0.345924,0.260625,0.000000,0.000000,0.000000,0.000000,0.000000,5.00e-05,0.3710
265,stage3_interaction,0.463611,0.340261,0.246700,0.000000,0.000000,0.000000,0.000000,0.000000,5.00e-05,0.2810
266,stage3_interaction,0.470528,0.343007,0.255041,0.000000,0.000000,0.000000,0.000000,0.000000,5.00e-05,0.2652
267,stage3_interaction,0.475286,0.347212,0.256148,0.000000,0.000000,0.000000,0.000000,0.000000,5.00e-05,0.3266
268,stage3_interaction,0.475385,0.348178,0.254414,0.000000,0.000000,0.000000,0.000000,0.000000,5.00e-05,0.4630
269,stage3_interaction,0.465114,0.339746,0.250736,0.000000,0.000000,0.000000,0.000000,0.000000,5.00e-05,0.4028
270,stage3_interaction,0.451071,0.328278,0.245587,0.000000,0.000000,0.000000,0.000000,0.000000,5.00e-05,0.4218
271,stage3_interaction,0.459423,0.333419,0.252009,0.000000,0.000000,0.000000,0.000000,0.000000,5.00e-05,0.3507
272,stage3_interaction,0.453178,0.330575,0.245207,0.000000,0.000000,0.000000,0.000000,0.000000,5.00e-05,0.4347
273,stage3_interaction,0.456041,0.332564,0.246954,0.000000,0.000000,0.000000,0.000000,0.000000,5.00e-05,0.2770
274,stage3_interaction,0.454517,0.332197,0.244639,0.000000,0.000000,0.000000,0.000000,0.000000,5.00e-05,0.3700
275,stage3_interaction,0.465012,0.337934,0.254156,0.000000,0.000000,0.000000,0.000000,0.000000,5.00e-05,0.3734
276,stage3_interaction,0.459012,0.334487,0.249049,0.000000,0.000000,0.000000,0.000000,0.000000,5.00e-05,0.3729
277,stage3_interaction,0.468194,0.341940,0.252508,0.000000,0.000000,0.000000,0.000000,0.000000,5.00e-05,0.2764
278,stage3_interaction,0.460003,0.336317,0.247373,0.000000,0.000000,0.000000,0.000000,0.000000,5.00e-05,0.3280
279,stage3_interaction,0.468071,0.340520,0.255102,0.000000,0.000000,0.000000,0.000000,0.000000,5.00e-05,0.4324
280,stage3_interaction,0.456788,0.334785,0.244004,0.000000,0.000000,0.000000,0.000000,0.000000,5.00e-05,0.4335
281,stage3_interaction,0.444115,0.321685,0.244861,0.000000,0.000000,0.000000,0.000000,0.000000,5.00e-05,0.4993
282,stage3_interaction,0.448115,0.327217,0.241797,0.000000,0.000000,0.000000,0.000000,0.000000,5.00e-05,0.2597
283,stage3_interaction,0.451328,0.329776,0.243104,0.000000,0.000000,0.000000,0.000000,0.000000,5.00e-05,0.3103
284,stage3_interaction,0.459756,0.335194,0.249124,0.000000,0.000000,0.000000,0.000000,0.000000,5.00e-05,0.3058
285,stage3_interaction,0.455598,0.331356,0.248485,0.000000,0.000000,0.000000,0.000000,0.000000,5.00e-05,0.3614
286,stage3_interaction,0.469099,0.341029,0.256139,0.000000,0.000000,0.000000,0.000000,0.000000,5.00e-05,0.3266
287,stage3_interaction,0.467540,0.341583,0.251915,0.000000,0.000000,0.000000,0.000000,0.000000,5.00e-05,0.4085
288,stage3_interaction,0.466886,0.342926,0.247921,0.000000,0.000000,0.000000,0.000000,0.000000,5.00e-05,0.4004
289,stage3_interaction,0.454235,0.331281,0.245907,0.000000,0.000000,0.000000,0.000000,0.000000,5.00e-05,0.4247
290,stage3_interaction,0.456714,0.332988,0.247453,0.000000,0.000000,0.000000,0.000000,0.000000,5.00e-05,0.4230
291,stage3_interaction,0.460667,0.334093,0.253149,0.000000,0.000000,0.000000,0.000000,0.000000,5.00e-05,0.2939
292,stage3_interaction,0.457256,0.331824,0.250864,0.000000,0.000000,0.000000,0.000000,0.000000,5.00e-05,0.4166
293,stage3_interaction,0.453903,0.331029,0.245748,0.000000,0.000000,0.000000,0.000000,0.000000,5.00e-05,0.3598
294,stage3_interaction,0.457717,0.333421,0.248594,0.000000,0.000000,0.000000,0.000000,0.000000,5.00e-05,0.3719
295,stage3_interaction,0.459089,0.334291,0.249594,0.000000,0.000000,0.000000,0.000000,0.000000,5.00e-05,0.3222
296,stage3_interaction,0.445486,0.325350,0.240271,0.000000,0.000000,0.000000,0.000000,0.000000,5.00e-05,0.3877
297,stage3_interaction,0.459124,0.334047,0.250153,0.000000,0.000000,0.000000,0.000000,0.000000,5.00e-05,0.3897
298,stage3_interaction,0.460982,0.336769,0.248426,0.000000,0.000000,0.000000,0.000000,0.000000,5.00e-05,0.4088
299,stage3_interaction,0.454821,0.331882,0.245879,0.000000,0.000000,0.000000,0.000000,0.000000,5.00e-05,0.5063
300,stage3_interaction,0.465652,0.339687,0.251931,0.000000,0.000000,0.000000,0.000000,0.000000,5.00e-05,0.3873
301,stage3_interaction,0.461376,0.337287,0.248177,0.000000,0.000000,0.000000,0.000000,0.000000,5.00e-05,0.4194
302,stage3_interaction,0.454818,0.331968,0.245700,0.000000,0.000000,0.000000,0.000000,0.000000,5.00e-05,0.3860
303,stage3_interaction,0.457382,0.333695,0.247374,0.000000,0.000000,0.000000,0.000000,0.000000,5.00e-05,0.3705
304,stage3_interaction,0.453847,0.331794,0.244106,0.000000,0.000000,0.000000,0.000000,0.000000,5.00e-05,0.4333
305,stage3_interaction,0.458669,0.333448,0.250441,0.000000,0.000000,0.000000,0.000000,0.000000,5.00e-05,0.5014
306,stage3_interaction,0.466367,0.341366,0.250003,0.000000,0.000000,0.000000,0.000000,0.000000,5.00e-05,0.3507
307,stage3_interaction,0.454204,0.331377,0.245654,0.000000,0.000000,0.000000,0.000000,0.000000,5.00e-05,0.3006
308,stage3_interaction,0.467636,0.339752,0.255768,0.000000,0.000000,0.000000,0.000000,0.000000,5.00e-05,0.4204
309,stage3_interaction,0.473836,0.345423,0.256826,0.000000,0.000000,0.000000,0.000000,0.000000,5.00e-05,0.3777
310,stage3_interaction,0.459381,0.334822,0.249118,0.000000,0.000000,0.000000,0.000000,0.000000,5.00e-05,0.2786
311,stage3_interaction,0.458272,0.335029,0.246486,0.000000,0.000000,0.000000,0.000000,0.000000,5.00e-05,0.3976
